"id";"name";"meta_keywords";"tags"
"121";"Запуск тоннелепроходческого щита от станции метро ""Хорошевская"" до ст. ""Деловой центр"". В. Швецов";"";"метро|строительство метро|тоннели|ТПМК|тоннелепроходческий щит|Третий пересадочный контур"
"122";"Чин освящения закладного камня в основание храма в честь Иверской иконы Божией Матери";"";\N
"123";"Запуск тоннелепроходческого щита от станции метро ""Лесопарковая"" до ст. ""Битцевский парк""";"";"метро|строительство метро|тоннели|ТПМК|тоннелепроходческий щит|Бутовская линия"
"124";"Осмотр хода строительства продления Таганско-Краснопресненской линии метро (ст. ""Выхино"" - ст. ""Котельники""). С. Собянин, М. Хуснуллин";"";"Марат Хуснуллин|метро|строительство метро|Таганско-Краснопресненская линия"
"125";"День строителя - 2012. Олимпийский комплекс ""Лужники"". С. Собянин, М. Хуснуллин";"";"Программа-200|Марат Хуснуллин"
"126";"Посещение нового здания лицея № 1524 в Печатниках. С. Собянин, М. Хуснуллин";"";"Марат Хуснуллин|школа|объекты образования"
"127";"Осмотр хода строительства станции ""Лесопарковая"" Бутовской линии метрополитена. С. Собянин, М. Хуснуллин";"";"метро|строительство метро|Бутовская линия|станции метро"
"128";"Осмотр строительства участка Северо-Восточной хорды от шоссе Энтузиастов до Измайловского шоссе. С. Собянин, М. Хуснуллин";"";"дороги|Марат Хуснуллин|хорда"
"129";"Заключительный семинар конкурса на разработку проекта концепции развития Московской агломерации. М. Хуснуллин";"";"Марат Хуснуллин|новая Москва"
"130";"Открытие выставки проектов концепции Московской агломерации. С. Собянин, М. Хуснуллин";"";"конкурсы|новая Москва"
"131";"Открытие станции ""Новокосино"" Калининской линии метрополитена. В. Путин, С. Собянин, И. Беседин";"";"метро|строительство метро|станции метро|Калининская линия"
"132";"Открытие комплекса зданий 1-го Московского кадетского корпуса";"кадетский корпус";"школа|объекты образования"
"133";"Открытие после реконструкции четвертого корпуса Московской консерватории";"";"объекты образования|реконструкция"
"134";"Подведение итогов конкурса на разработку концепции развития Московской агломерации. М. Хуснуллин, А. Боков, А. Высоковский";"";"Марат Хуснуллин|конкурсы"
"135";"Пресс-показ, посвященный реализации программы г. Москвы ""Градостроительная политика"" в ЦАО. С. Лёвкин, С. Байдаков";"реконструкция, градостроительная политика";"Москва|презентация|Сергей Лёвкин|строительство"
"136";"Семинар «Обеспечение техники безопасности при строительстве линий московского метрополитена». В. Швецов";"";"метро|строительство метро"
"137";"Открытие гаражного комплекса на Краснопрудной улице. И. Кузнецов";"";"народный гараж"
"138";"Запуск движения по новой автомагистрали от Звенигородского шоссе до ММДЦ ""Москва-Сити"". С. Собянин, М. Хуснуллин";"";"дороги|Марат Хуснуллин"
"139";"Осмотр хода строительства станции ""Деловой центр"" Калининско-Солнцевской линии метрополитена. С. Собянин, М. Хуснуллин";"";"Марат Хуснуллин|метро|строительство метро|Калининско-Солнцевская линия|станции метро"
"140";"Открытие выставки ""Большая Москва. XX век"" в музее архитектуры им. А.В. Щусева. М. Хуснуллин, С. Кузнецов";"выставка, Генплан, развитие Москвы";"Марат Хуснуллин|Сергей Кузнецов|выставка"
"141";"Строительство участка Бутовской линии метрополитена от станции ""Улица Старокачаловская"" до станции ""Битцевский парк"". С. Собянин, М. Хуснуллин, А. Бочкарев";"";"Марат Хуснуллин|Андрей Бочкарев|метро|строительство метро|Бутовская линия"
"142";"Посещение нового корпуса детского сада на Озерной улице (ЗАО). С. Собянин";"";"Москва|ДОУ|детские сады"
"143";"Встреча с ветеранами Стройкомплекса в Центральном доме архитектора. М. Хуснуллин";"социальная политика, ветераны, встреча";"Марат Хуснуллин"
"144";"Посещение шахты № 915 строящейся станции ""Петровско-Разумовская"" Люблинско-Дмитровской линии метрополитена. В. Швецов";"";"метро|строительство метро|Люблинско-Дмитровская линия|станции метро"
"145";"Осмотр реконструкции Ярославского шоссе. М. Хуснуллин";"";"дороги|Марат Хуснуллин|вылетные магистрали"
"146";"Награждение  победителей городского конкурса ""Лучший реализованный проект 2011 года"". М. Хуснуллин, Б. Фролов, С. Лёвкин, А. Максименко";"лучший реализованный проект";"Марат Хуснуллин|Сергей Лёвкин|строительство|конкурсы"
"147";"Субботний объезд объектов строительства в Западном округе Москвы. М. Хуснуллин";"";"Марат Хуснуллин|дороги|школа"
"148";"Осмотр хода строительства электродепо ""Братеево"". С. Собянин, М. Хуснуллин, И. Беседин";"";"Марат Хуснуллин|метро|строительство метро|электродепо|Замоскворецкая линия|Люблинско-Дмитровская линия"
"149";"Закладка Парка метростроителей в Митино. М. Хуснуллин, А. Бочкарев, А. Кульбачевский, В. Говердовский";"парк метростроителей, компенсационное озеленение";"Марат Хуснуллин|Андрей Бочкарев"
"150";"Запуск тоннелепроходческого щита от станции метро ""Юго-Западная"" в сторону станции ""Тропарево"". С. Собянин, М. Хуснуллин, А. Бочкарев";"";"Андрей Бочкарев|метро|строительство метро|тоннели|ТПМК|тоннелепроходческий щит|Сокольническая линия|проходка тоннелей"
"151";"Заседание Коллегии Стройкомплекса. М. Хуснуллин, С. Лёвкин, А. Бочкарев, А. Зайко, К. Тимофеев, И. Солонников, В. Жидкин, А. Антипов, С. Кузнецов, В. Ресин";"коллегия, Стройкомплекс, строительство";"Марат Хуснуллин|Андрей Бочкарев|Сергей Лёвкин|Константин Тимофеев|Сергей Кузнецов|Владимир Жидкин|строительство"
"152";"Запуск автомобильного движения по разворотной эстакаде на Варшавском шоссе около МКАД. С. Собянин, М. Хуснуллин, А. Бочкарев";"";"дороги|Марат Хуснуллин|Андрей Бочкарев|развязки|транспортные развязки|вылетные магистрали|МКАД"
"153";"Осмотр второго вестибюля станции ""Марьина роща"" Люблинско-Дмитровской линии метрополитена. С. Собянин, М. Хуснуллин, А. Бочкарев";"";"Марат Хуснуллин|Андрей Бочкарев|метро|строительство метро|Люблинско-Дмитровская линия|станции метро"
"154";"Совещание по проблемам развития ""новой Москвы"". С. Собянин, М. Хуснуллин, А. Бочкарев, В. Жидкин";"";"Марат Хуснуллин|Андрей Бочкарев|Владимир Жидкин|новая Москва"
"155";"Осмотр хода строительства станции ""Лермонтовский проспект"" Таганско-Краснопресненской линии метро. С. Собянин, М. Хуснуллин, А. Бочкарев, И. Беседин";"";"Марат Хуснуллин|Андрей Бочкарев|метро|строительство метро|Таганско-Краснопресненская линия"
"156";"Завершение проходки первого тоннеля метро от станции ""Улица Старокачаловская"" до ст. ""Лесопарковая"". А. Бочкарев,  В. Швецов";"";"Андрей Бочкарев|метро|строительство метро|Бутовская линия|ТПМК|тоннелепроходческий щит"
"157";"Осмотр хода строительства станции ""Хорошевская"" Третьего пересадочного контура метрополитена.  С. Собянин, М. Хуснуллин, А. Бочкарев";"";"Марат Хуснуллин|Андрей Бочкарев|метро|строительство метро|Третий пересадочный контур|станции метро"
"158";"Осмотр хода строительства эстакады на пересечении Дмитровского шоссе  с Долгопрудненским и Челобитьевским шоссе. С. Собянин, М. Хуснуллин, А. Бочкарев";"";"Марат Хуснуллин|Андрей Бочкарев|вылетные магистрали"
"159";"Осмотр строительства тоннелей на пересечении Каширского шоссе с проспектами Андропова и Пролетарским. М. Хуснуллин, А. Бочкарев";"";"дороги|Марат Хуснуллин|Андрей Бочкарев|развязки|транспортные развязки|вылетные магистрали"
"160";"Пожарно-тактические учения на территории ММДЦ ""Москва-Сити"" с участием специалистов Стройкомплекса";"";"Москва-Сити"
"161";"Осмотр хода строительства станции ""Лесопарковая"" Бутовской линии метрополитена. С. Собянин, М. Хуснуллин, А. Бочкарев";"";"Марат Хуснуллин|метро|строительство метро|Бутовская линия|Андрей Бочкарев|станции метро"
"162";"Московский международный урбанистический форум. С. Собянин, М. Хуснуллин, С. Кузнецов";"";"Марат Хуснуллин|Сергей Кузнецов|форум"
"163";"Награждение журналистов - победителей конкурса ""Медиа-град"". М. Хуснуллин";"";"Марат Хуснуллин|освещение работы Стройкомплекса|конкурсы"
"164";"Субботний объезд: строительство станции ""Алма-Атинская"" Замоскворецкой линии метрополитена. М. Хуснуллин";"";"Марат Хуснуллин|метро|строительство метро|Замоскворецкая линия|станции метро"
"165";"Осмотр хода реконструкции электродепо ""Печатники"". С. Собянин, М. Хуснуллин";"";"Марат Хуснуллин|метро|строительство метро|электродепо|Люблинско-Дмитровская линия"
"166";"Награждение победителей конкурса на разработку концепции развития Московской агломерации (в рамках фестиваля ""Зодчество-2012""). М. Хуснуллин, А. Боков, С. Кузнецов";"";"Марат Хуснуллин|Сергей Кузнецов|конкурсы|фестиваль|Московская агломерация"
"167";"Осмотр хода строительства станции ""Петровско-Разумовская"" Люблинско-Дмитровской линии метро. С. Собянин, М. Хуснуллин, А. Бочкарев";"";"Марат Хуснуллин|Андрей Бочкарев|метро|строительство метро|Люблинско-Дмитровская линия|станции метро"
"168";"Открытие крупнейшего в России пассажирского терминала аэропорта Внуково. С. Иванов, С. Собянин";"";"аэропорты"
"169";"Открытие разворотного тоннеля на Каширском шоссе. С. Собянин, М. Хуснуллин, А. Бочкарев";"";"дороги|Марат Хуснуллин|Андрей Бочкарев|развязки|транспортные развязки|вылетные магистрали"
"170";"Открытие станции ""Алма-Атинская"" Замоскворецкой линии метрополитена. С. Собянин, М. Хуснуллин";"";"Марат Хуснуллин|метро|Замоскворецкая линия|строительство метро|станции метро"
"171";"Открытие отстойно-разворотного корпуса электродепо ""Печатники"". А. Бочкарев, И. Беседин";"";"Андрей Бочкарев|метро|строительство метро|электродепо|Люблинско-Дмитровская линия"
"172";"Осмотр хода строительства транспортной развязки на пересечении Новоясеневского проспекта и Профсоюзной улицы. С. Собянин, М. Хуснуллин, А. Бочкарев";"";"Марат Хуснуллин|Андрей Бочкарев|дороги|развязки|транспортные развязки"
"173";"Осмотр хода строительства станции метро ""Жулебино"". С. Собянин, А. Бочкарев, И. Беседин";"";"Андрей Бочкарев|метро|строительство метро|Таганско-Краснопресненская линия|станции метро"
"176";"Субботний объезд Зеленограда и совещание с участием жителей округа. М. Хуснуллин, А. Смирнов";"";"Марат Хуснуллин|спортивные объекты"
"179";"Посещение  реконструированной АЗС на ул. Свободы. С. Собянин, М. Хуснуллин";"";"Марат Хуснуллин|промышленные объекты"
"180";"Коллегия Комплекса градостроительной политики и строительства Москвы. С. Собянин, М. Хуснуллин";"";"Марат Хуснуллин|коллегия Стройкомплекса"
"181";"Субботний объезд ВАО. Совещание с участием жителей округа.  М. Хуснуллин, А. Бочкарев, С. Лёвкин";"";"Марат Хуснуллин|Андрей Бочкарев|Сергей Лёвкин|жители"
"182";"Запуск тоннелепроходческого щита (ст. м. ""Ломоносовский проспект"" - ст. м. ""Парк Победы""). А. Бочкарев";"";"Андрей Бочкарев|строительство метро|ТПМК|тоннелепроходческий щит|Калининско-Солнцевская линия|метро|тоннели|проходка тоннелей"
"183";"Вручение благодарственных писем сотрудникам Стройкомплекса Москвы. М. Хуснуллин";"";\N
"184";"Внеплановые проверки противопожарного состояния всех объектов строительства ММДЦ ""Москва-Сити""";"";"офисные центры|Москва-Сити"
"186";"Субботний объезд  ЗАО и совещание с участием жителей округа. М. Хуснуллин, А. Александров";"";"Марат Хуснуллин"
"188";"Проекты новых станций метро";"";\N
"189";"Станция ""Новокосино"" Калининской линии метрополитена. Строительство, 24.04.2011";"";"метро|строительство метро|станции метро|Калининская линия"
"190";"Станция ""Парк культуры"" Кольцевой линии метрополитена. Реконструкция, 24.04.2012.";"";"метро|станции метро|Кольцевая линия|реконструкция"
"191";"Станция метро Трубная";"";\N
"192";"Станция ""Марьина роща"" Люблинско-Дмитровской линии метрополитена";"";"метро|Люблинско-Дмитровская линия|станции метро"
"194";"Запуск двух тоннелепроходческих щитов от ст. м. ""Ходынское поле"" Третьего пересадочного контура. С. Собянин, М. Хуснуллин, А. Бочкарев";"";"Марат Хуснуллин|Андрей Бочкарев|метро|строительство метро|ТПМК|тоннелепроходческий щит|Третий пересадочный контур|проходка тоннелей"
"196";"Субботний объезд СЗАО и совещание с участием жителей округа. М. Хуснуллин, В. Говердовский";"";"жители|Марат Хуснуллин"
"197";"Пресс-тур на площадку будущего парка ""Зарядье"". С. Кузнецов";"";"Сергей Кузнецов|Москва|народные парки|Зарядье"
"198";"Заседание Попечительского совета Фонда поддержки строительства храмов Москвы. С. Собянин, В. Ресин, патриарх Кирилл";"";"храмы|Программа-200"
"199";"Открытие выставки проектов конкурса ""Лучший реализованный проект 2012 года"". С. Лёвкин, В. Аистов, Б. Фролов";"";"Сергей Лёвкин|конкурсы"
"200";"Субботний объезд СВАО и совещание с участием жителей округа. М. Хуснуллин";"";"Марат Хуснуллин|дороги"
"201";"Метро";"";\N
"202";"Объезды";"";\N
"203";"Дорожное строительство";"";\N
"204";"Открытие тоннеля (пересечение Варшавского шоссе с ул. Подольских Курсантов и Красного Маяка). С. Собянин, М. Хуснуллин";"";"дороги|Марат Хуснуллин|вылетные магистрали|тоннели"
"205";"Посещение электродепо ""Печатники"". С. Собянин, И. Беседин";"";"метро|электродепо"
"206";"ДОУ";"";\N
"207";"Открытие тоннелей на пересечении Каширского шоссе с Пролетарским проспектом и проспектом Андропова. С. Собянин, П. Аксенов";"";"дороги|вылетные магистрали|тоннели"
"208";"Объезд площадок метростроения. М. Хуснуллин";"";"Марат Хуснуллин|метро|строительство метро|Бутовская линия|Таганско-Краснопресненская линия|Сокольническая линия"
"209";"Первомайское шествие. М. Хуснуллин, С. Лёвкин, А. Бочкарев, В. Жидкин, В. Лаптев";"";"Марат Хуснуллин|Андрей Бочкарев|Сергей Лёвкин|Владимир Жидкин"
"210";"Строительство двухуровневой развязки на пересечении Новоясеневского проспекта с ул. Профсоюзная (у ст. м. ""Теплый стан""). А. Бочкарев";"";"Андрей Бочкарев|дороги|строительство|развязки|транспортные развязки|эстакады"
"211";"Субботний объезд ЮВАО и совещание с участием жителей округа. М. Хуснуллин, В. Зотов";"";"дороги|жители|Марат Хуснуллин"
"212";"Запуск тоннелепроходческого щита от станции метро ""Раменки"" в сторону станции ""Ломоносовский проспект"". В. Швецов";"";"метро|строительство метро|ТПМК|тоннелепроходческий щит|Калининско-Солнцевская линия|проходка тоннелей|тоннели"
"213";"Реконструкция православного Свято-Софийского детского дома (ул. Крупской, д. 12А)";"";"объекты образования"
"214";"Пилотный проект реконструкции жилого дома без отселения (ул. Мишина, д. 32). О. Рындин";"";"дома|жители|строительство"
"215";"Посещение строящегося участка Малого кольца МЖД. С. Собянин, М. Хуснуллин, С. Костин";"";"Марат Хуснуллин|МКЖД|железная дорога"
"216";"Открытие знака «Лучший реализованный проект 2010 года» (здание Мосгосстройнадзора). С. Сущенко, В. Пахомов, Б. Фролов, А. Зайко";"";\N
"218";"Осмотр строительства станции ""Верхние Лихоборы"" Люблинско-Дмитровской линии метрополитена. С. Собянин, М. Хуснуллин, А. Бочкарев";"";"Москва|Марат Хуснуллин|Андрей Бочкарев|метро|строительство метро|строительство|тоннели|ТПМК|тоннелепроходческий щит|электродепо|Люблинско-Дмитровская линия|станции метро"
"219";"Осмотр хода строительства участка Северо-Восточной хорды от шоссе Энтузиастов до Измайловского шоссе. А. Бочкарев";"";"Москва|дороги|Андрей Бочкарев|строительство|транспортные развязки|хорда|эстакады|железная дорога"
"220";"Персоналии";"";\N
"221";"Марат Хуснуллин, заместитель мэра Москвы по вопросам градостроительной политики и строительства, руководитель Стройкомплекса Москвы";"Марат Хуснуллин, руководитель Стройкомплекса Москвы, Стройкомплекс Москвы";"Марат Хуснуллин|строительство"
"222";"Железная дорога";"";\N
"223";"Андрей Бочкарев, руководитель Департамента строительства города Москвы";"Департамент строительства Москвы";"Андрей Бочкарев"
"224";"Андрей Антипов, председатель Комитета по архитектуре и градостроительству города Москвы";"Москомархитектура";"Андрей Антипов"
"225";"Сергей Кузнецов, главный архитектор города Москвы";"главный архитектор Москвы, Архитектурный совет Москвы, архитектурные конкурсы";"Сергей Кузнецов|строительство"
"226";"Владимир Жидкин, руководитель Департамента развития новых территорий города Москвы";"новая Москва, присоединенные территории, Московская агломерация";"Владимир Жидкин|строительство"
"227";"Сергей Лёвкин, руководитель Департамента градостроительной политики города Москвы";"Департамент градостроительной политики Москвы";"Сергей Лёвкин|строительство"
"228";"Константин Тимофеев, председатель Комитета города Москвы по обеспечению реализации инвестиционных проектов в строительстве и контролю в области долевого строительства с заключением служебного контракта";"Москомстройинвест, дольшики, граждане-соинвесторы";"Константин Тимофеев|строительство"
"229";"Субботний объезд ТиНАО и открытое совещание с участием жителей округа. М. Хуснуллин, В. Жидкин, А. Челышев";"";"Москва|дома|дороги|жители|Марат Хуснуллин|Владимир Жидкин|строительство|жилье|новая Москва"
"230";"Игорь Солонников, председатель Комитета города Москвы по ценовой политике в строительстве и государственной экспертизе проектов";"Москомэкспертиза, экспертиза проектов";"Игорь Солонников"
"231";"Субботний объезд САО. Площадь Тверской Заставы, Люблинско-Дмитровская линия метро. М. Хуснуллин, А. Бочкарев, В. Базанчук";"";"дороги|Марат Хуснуллин|Андрей Бочкарев|метро|строительство метро|строительство|железная дорога|Люблинско-Дмитровская линия|станции метро"
"232";"Встреча с членами жюри международного конкурса на концепцию парка ""Зарядье"". С. Собянин, М. Хуснуллин, С. Кузнецов";"";"Москва|Марат Хуснуллин|Сергей Кузнецов|Зарядье|строительство|конкурсы"
"233";"Пресс-конференция, посвященная итоговому отбору команд-участниц международного конкурса на разработку концепции парка в Зарядье. С. Кузнецов";"";"Сергей Кузнецов|Зарядье"
"234";"Реконструкция Можайского шоссе и ""клеверной"" развязки с МКАД. С. Собянин, А. Бочкарев";"";"Москва|МКАД|дороги|Андрей Бочкарев|строительство|развязки|эстакады"
"235";"Субботний объезд ВАО. Четвертое транспортное кольцо. М. Хуснуллин";"";"дороги|Марат Хуснуллин|Андрей Бочкарев|строительство|развязки|транспортные развязки|хорда|эстакады"
"236";"Cнос пятиэтажки в СВАО по адресу: пр. Русанова,  д. 9. С. Собянин, С. Лёвкин";"";"Москва|дома|жители|Сергей Лёвкин|жилье"
"237";"Запуск тоннелепроходческого комплекса от электродепо ""Лихоборы"" в сторону станции ""Верхние Лихоборы"". С. Собянин, М. Хуснуллин, А. Бочкарев";"";"Москва|Андрей Бочкарев|метро|строительство метро|строительство|тоннели|ТПМК|тоннелепроходческий щит|Люблинско-Дмитровская линия|станции метро|проходка тоннелей"
"238";"Осмотр хода строительства в Троицком и Новомосковском округах Москвы. С. Собянин, М. Хуснуллин, А. Бочкарев, В. Жидкин, А. Челышев";"";"Москва|дороги|Марат Хуснуллин|Андрей Бочкарев|Владимир Жидкин|метро|строительство метро|строительство|храмы|офисные центры|жилье|тоннели|Сокольническая линия|станции метро|новая Москва"
"239";"Открытие эстакады на пересечении Рублевского шоссе с улицами Маршала Тимошенко, Академика Павлова и Осенним бульваром. С. Собянин, М. Хуснуллин. А. Бочкарев";"";"Москва|дороги|Марат Хуснуллин|Андрей Бочкарев|строительство|развязки|вылетные магистрали|хорда|эстакады|реконструкция"
"240";"Открытие поликлиники в пос. Северный (СВАО). С. Собянин, М. Хуснуллин, А. Бочкарев";"";"Москва|дома|жители|Марат Хуснуллин|Андрей Бочкарев|объекты медицины"
"241";"Открытие эстакады на Ярославском шоссе в районе улицы Вешних Вод. С. Собянин, М. Хуснуллин, А. Бочкарев";"";"Москва|дороги|Марат Хуснуллин|Андрей Бочкарев|строительство|развязки|транспортные развязки|вылетные магистрали|эстакады|реконструкция"
"242";"Посещение пилотного детского сада в Куркино. С. Собянин, М. Хуснуллин, А. Бочкарев, С. Кузнецов";"";"Москва|Марат Хуснуллин|Андрей Бочкарев|Сергей Кузнецов|ДОУ|детские сады|строительство|объекты образования"
"243";"Реконструкция Можайского путепровода. С. Собянин, М. Хуснуллин, А. Бочкарев";"";"дороги|Марат Хуснуллин|Андрей Бочкарев|строительство|вылетные магистрали|эстакады|железная дорога|реконструкция"
"244";"Посещение Московского нефтеперерабатывающего завода и АЗС «Газпромнефть». С. Собянин, М. Хуснуллин";"";"Марат Хуснуллин|строительство|промышленные объекты"
"245";"Пресс-конференция на тему развития общественных пространств Москвы. М. Хуснуллин, Я. Гейл, С. Кузнецов, К. Нигматулина, А. Кульбачевский";"";"Марат Хуснуллин|Сергей Кузнецов"
"246";"Строительство станции метро ""Селигерская"" Люблинско-Дмитровской линии. С. Собянин, М. Хуснуллин, А. Бочкарев";"";"Москва|Марат Хуснуллин|Андрей Бочкарев|метро|строительство метро|строительство|тоннели|Люблинско-Дмитровская линия|станции метро|проходка тоннелей"
"247";"Стройкомплекс отметил 25-летие на спортивном празднике";"";"Марат Хуснуллин|Андрей Бочкарев|Сергей Лёвкин|Владимир Жидкин|спортивные объекты"
"248";"Строительство Бусиновской транспортной развязки. М. Соколов, С. Собянин, М. Хуснуллин";"";"Москва|МКАД|дороги|Марат Хуснуллин|строительство|развязки|транспортные развязки|вылетные магистрали|хорда|эстакады|реконструкция"
"249";"Международная конференция «Городское планирование: транспортный аспект. Российский и международный опыт». М. Хуснуллин";"";"Москва|Марат Хуснуллин|Андрей Бочкарев|Владимир Жидкин"
"250";"Посещение строящейся поликлиники в ЮВАО. С. Собянин, М. Хуснуллин";"";"Москва|дома|жители|Марат Хуснуллин|строительство|объекты медицины"
"251";"Выездное совещание в городском округе Щербинка, ТиНАО. М. Хуснуллин, В. Жидкин";"";"Москва|дома|дороги|Марат Хуснуллин|Константин Тимофеев|Владимир Жидкин|ДОУ|строительство|школа|объекты медицины|жилье|развязки|объекты образования|реконструкция|новая Москва"
"252";"Осмотр хода строительства станции ""Фонвизинская"" Люблинско-Дмитровской линии метрополитена. С. Собянин, М. Хуснуллин, А. Бочкарев";"";"Марат Хуснуллин|Андрей Бочкарев|метро|строительство метро|строительство|тоннели|Люблинско-Дмитровская линия|станции метро|проходка тоннелей"
"253";"Встреча с ветеранами отрасли в преддверии Дня строителя. М. Хуснуллин, С. Дегтярев, В. Лаптев";"";"Марат Хуснуллин"
"254";"Открытие Ленинградского вокзала после реконструкции. С. Собянин, М. Хуснуллин, А. Воробьев, В. Якунин";"";"Марат Хуснуллин|железная дорога|реконструкция"
"258";"Субботний объезд САО и открытое совещание с участием жителей округа. М. Хуснуллин, В. Базанчук";"";"жители|Марат Хуснуллин|Андрей Бочкарев|метро|строительство метро|строительство|Третий пересадочный контур|станции метро|метро «Петровский парк» (Третий пересадочный контур)|Сергей Кузнецов"
"259";"Награждение победителей конкурсов «Лучший бытовой городок - 2013» и «Московские мастера - 2013»";"";"Марат Хуснуллин|Андрей Бочкарев|Сергей Лёвкин|конкурсы|Городские конкурсы"
"260";"Участие в осмотре хода строительства здания социального приюта для детей и подростков «Алтуфьево». С. Собянин, А. Бочкарев";"";"Андрей Бочкарев|строительство"
"261";"Осмотр строительства транспортной развязки на пересечении Новоясеневского проспекта и Профсоюзной улицы. С. Собянин, М. Хуснуллин, А. Бочкарев";"";"дороги|Марат Хуснуллин|Андрей Бочкарев|развязки|транспортные развязки|вылетные магистрали|эстакады|реконструкция"
"262";"Встреча с коллективом  ОАО «ДСК-1». С. Собянин, М. Хуснуллин";"";"Марат Хуснуллин|промышленные объекты|Награждения|Сергей Собянин"
"263";"Празднование Дня строителя и 25-летия Стройкомплекса Москвы";"";"Москва|Марат Хуснуллин|Андрей Бочкарев|Андрей Антипов|Награждения|Сергей Собянин"
"264";"Участие в осмотре хода строительства театра «Геликон-опера». С. Собянин, М. Хуснуллин";"";"Марат Хуснуллин|реконструкция|Сергей Собянин"
"265";"Награждение работников Стройкомплекса в канун Дня строителя. М. Хуснуллин";"";"Марат Хуснуллин|Награждения"
"266";"Посещение строящегося детского сада на улице Каховка (район Зюзино, ЮЗАО). С. Собянин, М. Хуснуллин, А. Бочкарев";"";"Москва|дома|Марат Хуснуллин|Андрей Бочкарев|ДОУ|объекты образования|строительство|Сергей Собянин"
"267";"Пресс-тур на стройплощадку Алабяно-Балтийского тоннеля";"";"Москва|дороги|строительство|развязки|транспортные развязки|хорда|тоннели|Северо-Западная хорда"
"268";"Осмотр хода строительства школы № 279 и работ по благоустройству территории Церковной горки (СВАО). С. Собянин, М. Хуснуллин, В. Виноградов";"";"Москва|Марат Хуснуллин|строительство|школа|объекты образования|Сергей Собянин"
"269";"Посещение Талдомского района Подмосковья. С. Собянин, М. Хуснуллин";"";"жители|Марат Хуснуллин|строительство|Сергей Собянин"
"270";"Посещение строящейся поликлиники в Южном Бутово. С. Собянин, М. Хуснуллин, А. Бочкарев";"";"Москва|Марат Хуснуллин|Андрей Бочкарев|строительство|объекты медицины|Поликлиники|Сергей Собянин"
"271";"Посещение школы № 446. С. Собянин, М. Хуснуллин, А. Бочкарев";"";"Москва|Марат Хуснуллин|Андрей Бочкарев|строительство|школа|объекты образования|Сергей Собянин"
"272";"Открытие эстакады на пересечении улицы Лобачевского и Мичуринского проспекта. С. Собянин, М. Хуснуллин, А. Бочкарев";"";"Москва|Марат Хуснуллин|Андрей Бочкарев|строительство|развязки|транспортные развязки|вылетные магистрали|эстакады|Южная рокада|Рублевское шоссе|Сергей Собянин"
"273";"Осмотр хода строительства Калининско-Солнцевской линии метро. С. Собянин, М. Хуснуллин";"";"Москва|Марат Хуснуллин|метро|строительство метро|строительство|Москва-Сити|тоннели|Третий пересадочный контур|станции метро|проходка тоннелей|метро «Деловой центр» (Калининско-Солнцевская линия)|метро «Деловой центр» (Третий пересадочный контур)|Сергей Собянин"
"274";"Осмотр хода реконструкции школы искусств им. И.Ф. Стравинского. С. Собянин, М. Хуснуллин";"";"Марат Хуснуллин|строительство|школа|Сергей Собянин|объекты образования"
"275";"Осмотр хода строительства продления улицы Подольских Курсантов до МКАД. П. Аксенов";"";"Москва|МКАД|дороги|строительство|развязки|транспортные развязки|Эстакады"
"276";"Осмотр хода строительства театра А. Градского. С. Собянин, А. Бочкарев";"";"Москва|Андрей Бочкарев|строительство|реконструкция|Сергей Собянин"
"277";"Осмотр реконструкции музыкальной школы им. Гнесиных. Пресс-тур";"";"Москва|объекты образования|реконструкция"
"278";"Строительство первой очереди Молодогвардейской транспортной развязки. С. Собянин, М. Хуснуллин";"";"Москва|МКАД|дороги|Марат Хуснуллин|строительство|развязки|эстакады|Сергей Собянин"
"279";"Открытие детского сада на улице Гродненская. С. Собянин, М. Хуснуллин";"";"Москва|жители|Марат Хуснуллин|ДОУ|детские сады|объекты образования|Сергей Собянин"
"280";"Посещение «Щербинского лифтостроительного завода». С. Собянин, М. Хуснуллин";"";"Марат Хуснуллин|промышленные объекты|Промзоны|Сергей Собянин"
"281";"Осмотр нового здания Автомобильного колледжа № 9 на Вятской улице. С. Собянин, М. Хуснуллин";"";"Москва|Марат Хуснуллин|строительство|объекты образования|Сергей Собянин"
"282";"Посещение строящейся станции метро «Лесопарковая» Бутовской линии. С. Собянин, М. Хуснуллин, А. Бочкарев";"";"Москва|Марат Хуснуллин|Андрей Бочкарев|метро|строительство метро|строительство|тоннели|ТПМК|Бутовская линия|станции метро|проходка тоннелей|метро «Лесопарковая» (Бутовская линия)|Сергей Собянин"
"283";"Осмотр хода реконструкции Дмитровского шоссе. М. Хуснуллин, А. Бочкарев";"";"дороги|Марат Хуснуллин|Андрей Бочкарев|развязки|реконструкция|Северо-Западная хорда|Тоннели|Дмитровское шоссе"
"284";"Осмотр Центра искусств им. А. Райкина. С. Собянин, М. Хуснуллин";"";"Марат Хуснуллин|Сергей Собянин"
"286";"Открытие движения по новой эстакаде на пересечении Ярославского шоссе и Малыгинского проезда. С. Собянин, М. Хуснуллин, А. Бочкарев";"";"Москва|дороги|Марат Хуснуллин|Андрей Бочкарев|строительство|развязки|эстакады|Ярославское шоссе|Сергей Собянин"
"287";"Запуск автомобильного движения по улице Подольских Курсантов, продленной до МКАД. С. Собянин, М. Хуснуллин, А. Бочкарев";"";"Москва|МКАД|дороги|Марат Хуснуллин|Андрей Бочкарев|строительство|развязки|транспортные развязки|эстакады|Сергей Собянин"
"288";"Территория завода «ЗиЛ»";"";"Промзоны"
"289";"Дмитровское шоссе: открытие эстакады на перекрестке с Долгопрудненским шоссе и тоннеля на пересечении с 3-м Нижнелихоборским проездом. С. Собянин, М. Хуснуллин, А. Бочкарев";"";"Москва|дороги|Марат Хуснуллин|Андрей Бочкарев|строительство|развязки|транспортные развязки|тоннели|эстакады|реконструкция|Дмитровское шоссе|Сергей Собянин"
"290";"Торжественная церемония награждения победителей городского конкурса «Московские мастера - 2013». С. Собянин, М. Хуснуллин";"";"Марат Хуснуллин|конкурсы|Сергей Собянин"
"291";"Открытый урок для 2Б класса школы 1359 на станции «Лермонтовский проспект» Таганско-Краснопресненской линии. С. Собянин, М. Хуснуллин, А. Бочкарев, И. Беседин";"";"Москва|Марат Хуснуллин|Андрей Бочкарев|метро|строительство метро|тоннели|Таганско-Краснопресненская линия|станции метро|метро «Лермонтовский проспект» (Таганско-Краснопресненская линия)|метро «Жулебино» (Таганско-Краснопресненская линия)|Сергей Собянин"
"292";"Открытие одного направления Алабяно-Балтийского тоннеля. С. Собянин, М. Хуснуллин, А. Бочкарев";"";"Москва|дороги|Марат Хуснуллин|Андрей Бочкарев|строительство|транспортные развязки|хорда|тоннели|Сергей Собянин"
"293";"Осмотр комплексной застройки жилого квартала в районе Западное Дегунино. С. Кузнецов";"";"Москва|дома|Сергей Кузнецов|строительство|жилье"
"294";"Осмотр хода строительства транспортной развязки на пересечении МКАД и Волгоградского проспекта. С. Собянин, М. Хуснуллин, А. Бочкарев";"";"Москва|МКАД|дороги|Марат Хуснуллин|Андрей Бочкарев|строительство|развязки|транспортные развязки|эстакады|Волгоградский проспект|Сергей Собянин"
"296";"Осмотр транспортно-пересадочного узла у станции метро «Бульвар Дмитрия Донского». С. Собянин, С. Абрамов";"";"метро|Сергей Собянин"
"297";"Пресс-тур на строящиеся станции метро «Жулебино» и «Лермонтовский проспект».  Д. Дорофеев";"";"метро|строительство метро|строительство|Таганско-Краснопресненская линия|метро «Лермонтовский проспект» (Таганско-Краснопресненская линия)|метро «Жулебино» (Таганско-Краснопресненская линия)"
"298";"«Дом с кариатидами» после реставрации. Печатников пер., вл. 7. Н. Даниленко, Н. Зайцева, Л. Островский";"";"Москва|дома|реконструкция|Памятники архитектуры и истории"
"299";"Осмотр хода строительства театра под руководством О. Табакова. С. Собянин, А. Бочкарев, О. Табаков";"";"Андрей Бочкарев|строительство|Сергей Собянин"
"300";"Осмотр хода строительства школы по адресу: Болотниковская улица, д. 36А. С. Собянин, М. Хуснуллин, А. Бочкарев";"";"Москва|Марат Хуснуллин|Андрей Бочкарев|школа|объекты образования|Сергей Собянин"
"301";"VII Московский форум лидеров недвижимости. М. Хуснуллин";"";"Марат Хуснуллин|форум"
"302";"Открытие выставки Яна Гейла «Москва. На пути к лучшему городу для людей». С. Кузнецов, К. Нигматулина";"";"Москва|Сергей Кузнецов"
"303";"Осмотр хода строительства детского сада по адресу: ул. Герасима Курина, д. 30, стр. 2. С. Собянин, М. Хуснуллин";"";"Москва|Марат Хуснуллин|ДОУ|детские сады|объекты образования|Сергей Собянин"
"304";"Осмотр строительства поликлиники по адресу: ул. Смольная, д. 55. С. Собянин, М. Хуснуллин";"";"Москва|жители|Марат Хуснуллин|строительство|объекты медицины|Поликлиники|Сергей Собянин"
"305";"Осмотр хода строительства электродепо ""Братеево"" московского метрополитена. М. Хуснуллин, Г. Смолеевский";"";"Москва|Марат Хуснуллин|метро|строительство метро|строительство|электродепо"
"306";"Субботний объезд ЮЗАО. М. Хуснуллин, А. Бочкарев.";"";"Москва|Марат Хуснуллин|Андрей Бочкарев|метро|строительство метро|строительство|развязки|транспортные развязки|тоннели|станции метро|метро «Лесопарковая» (Бутовская линия)"
"307";"Осмотр хода реконструкции Можайского шоссе. С. Собянин, М. Хуснуллин";"";"Москва|дороги|Марат Хуснуллин|строительство|эстакады|реконструкция|Можайское шоссе|Сергей Собянин"
"308";"Осмотр хода строительства участка метрополитена от станции «Юго-Западная» до станции «Саларьево». С. Собянин, М. Хуснуллин";"";"Москва|Марат Хуснуллин|метро|строительство метро|строительство|тоннели|станции метро|проходка тоннелей|метро «Тропарево» (Сокольническая линия)|Сергей Собянин"
"309";"Коллегия Стройкомплекса Москвы по итогам работы за 9 месяцев 2013 года и планам до конца года";"";"Марат Хуснуллин|Константин Тимофеев|Сергей Кузнецов|Владимир Жидкин|Андрей Антипов|коллегия Стройкомплекса"
"310";"Второй московский международный форум по иностранным инвестициям MIFIF-2013";"";"Москва|Марат Хуснуллин|форум|Сергей Собянин"
"311";"Открытие движения по эстакаде на пересечении Профсоюзной улицы с Новоясеневским проспектом и улицей Теплый Стан. С. Собянин, А. Бочкарев";"";"Москва|дороги|строительство|развязки|транспортные развязки|эстакады|реконструкция|Сергей Собянин"
"312";"Субботний объезд СЗАО и открытое совещание с участием жителей. М. Хуснуллин, А. Бочкарев";"";"Москва|дома|дороги|народные парки|жители|Марат Хуснуллин|Андрей Бочкарев|электродепо"
"313";"Выход тоннелепроходческого щита на станции метро ""Ломоносовский проспект"" Калининско-Солнцевской линии. С. Собянин, М. Хуснуллин, А. Бочкарев";"";"Марат Хуснуллин|Андрей Бочкарев|метро|строительство метро|строительство|ТПМК|тоннелепроходческий щит|Калининско-Солнцевская линия|Третий пересадочный контур|метро «Ломоносовский проспект»"
"314";"Открытие участка метро Таганско-Краснопресненской линии от станции ""Выхино"" до ""Жулебино"". А. Бочкарев, И. Беседин";"";"Андрей Бочкарев|метро|тоннели|Таганско-Краснопресненская линия|метро «Лермонтовский проспект» (Таганско-Краснопресненская линия)|метро «Жулебино» (Таганско-Краснопресненская линия)"
"316";"Открытие эстакады на пересечении ул. Профсоюзной и Генерала Тюленева. С. Собянин, П. Аксенов";"";"Москва|дороги|развязки|транспортные развязки|вылетные магистрали|Эстакады"
"317";"Встреча с членами Клуба инвесторов Москвы. С. Собянин, М. Хуснуллин";"";"комитет|Марат Хуснуллин|Константин Тимофеев|Владимир Жидкин|Сергей Собянин"
"319";"Реконструкция стадиона ""Лужники"". М. Хуснуллин";"";"Марат Хуснуллин|спортивные объекты|реконструкция"
"320";"Объезд строящихся объектов СВАО. М. Хуснуллин, В. Виноградов, А. Бочкарев";"";"дороги|Марат Хуснуллин|Андрей Бочкарев|строительство метро|строительство|вылетные магистрали|Третий пересадочный контур|станции метро|Дмитровское шоссе|метро «Нижняя Масловка» (Третий пересадочный контур)"
"321";"Конкурс профессионального мастерства среди молодых специалистов";"";\N
"322";"Встреча с ветеранами строительной отрасли. С. Дегтярев, В. Лаптев";"";\N
"323";"III Московский урбанистический форум. С. Собянин, М. Хуснуллин";"";"Марат Хуснуллин|Андрей Бочкарев|Андрей Антипов|Урбанистический форум"
"325";"Осмотр строительства станции метро ""Петровско-Разумовская-2"". М. Хуснуллин, А. Бочкарев";"";"Москва|Марат Хуснуллин|Андрей Бочкарев|метро|строительство метро|строительство|тоннели|Люблинско-Дмитровская линия|станции метро|метро «Петровско-Разумовская» (Люблинско-Дмитровская линия)"
"326";"Осмотр хода реконструкции Октябрьского транспортного тоннеля. С. Собянин";"";"дороги|строительство|развязки|реконструкция|Ленинский проспект|Сергей Собянин"
"327";"Осмотр школы, построенной на улице Нарвской в САО.  С. Собянин, М. Хуснуллин";"";"Марат Хуснуллин|ДОУ|строительство|школа|Сергей Собянин"
"328";"Вручение наград журналистам в честь Дня печати. Марат Хуснуллин, Павел Гусев";"";"Марат Хуснуллин"
"329";"Открытие первого пускового комплекса электродепо ""Братеево"". С. Собянин, М. Хуснуллин, А. Бочкарев";"";"Марат Хуснуллин|Андрей Бочкарев|метро|строительство метро|строительство|электродепо|Люблинско-Дмитровская линия|Сергей Собянин"
"330";"Осмотр дома для переселения по программе сноса ветхого жилья. С. Собянин, М. Хуснуллин";"";"жители|Марат Хуснуллин|строительство|жилье|Снос некомфортного жилья|Сергей Собянин"
"331";"В Стройкомплексе лучшим метростроителям столицы вручены заслуженные награды. А. Бочкарев";"";"Андрей Бочкарев|строительство метро|Награждения"
"332";"Осмотр хода строительства эстакады на Новорязанском шоссе. С. Собянин, А. Бочкарев, П. Аксенов";"";"дороги|Андрей Бочкарев|строительство|развязки|Волгоградский проспект|Сергей Собянин"
"333";"Коллегия Стройкомплекса Москвы. С. Собянин, М. Мень, М. Хуснуллин";"";"Марат Хуснуллин|коллегия Стройкомплекса|Награждения|Сергей Собянин"
"334";"Открытие движения по эстакадам на пересечении шоссе Энтузиастов и Измайловского шоссе. С. Собянин, М. Хуснуллин, А. Бочкарев, П. Аксенов";"";"дороги|Марат Хуснуллин|Андрей Бочкарев|вылетные магистрали|Шоссе Энтузиастов|Сергей Собянин"
"335";"Запуск движения по участку ""Деловой центр"" - ""Парк Победы"" Калининско-Солнцевской линии метро. М. Хуснуллин, А. Бочкарев, И. Беседин";"";"Марат Хуснуллин|Андрей Бочкарев|метро|строительство метро|строительство|Москва-Сити|Калининско-Солнцевская линия|станции метро|Калининская линия|метро «Деловой центр» (Калининско-Солнцевская линия)|метро «Парк Победы» (Калининско-Солнцевская линия)"
"336";"Осмотр хода строительства станции метро ""Петровско-Разумовская"" Люблинско-Дмитровской линии. С. Собянин, М. Хуснуллин, А. Бочкарев";"";"Марат Хуснуллин|Андрей Бочкарев|метро|тоннели|Люблинско-Дмитровская линия|метро «Петровско-Разумовская» (Люблинско-Дмитровская линия)|Сергей Собянин"
"337";"В центре внимания";"";\N
"338";"Осмотр хода строительства стадиона ""Спартак"". С. Собянин, М. Хуснуллин";"";"Марат Хуснуллин|Андрей Бочкарев|строительство|спортивные объекты|метро «Спартак» (Таганско-Краснопресненская линия)|Сергей Собянин"
"339";"Представление нового председателя Мосгосстройнадзора Олега Антосенко коллективу Комитета. М. Хуснуллин, О. Антосенко";"";"собрание|Марат Хуснуллин"
"340";"Субботний объезд ВАО. М. Хуснуллин";"";"Марат Хуснуллин|метро|метро «Косино» (Кожуховская линия)|метро «Косино-Ухтомская» (Кожуховская линия)"
"341";"Осмотр реконструированного театра под руководством А. Градского. С. Собянин, М. Хуснуллин, А. Градский";"";"Марат Хуснуллин|Андрей Бочкарев|строительство|Долгострой|Сергей Собянин"
"342";"Школы";"";"школа|объекты образования"
"343";"Посещение строящихся станций ""Тропарево"", ""Румянцево"", ""Саларьево"". М. Хуснуллин, А. Бочкарев";"";"Москва|дороги|Марат Хуснуллин|Андрей Бочкарев|метро|офисные центры|развязки|транспортные развязки|вылетные магистрали|ТПМК|Сокольническая линия|новая Москва|Тоннели|метро «Тропарево» (Сокольническая линия)|метро «Румянцево» (Сокольническая линия)|метро «Саларьево» (Сокольническая линия)"
"344";"Открытие нового участка Бутовской линии метро и станций ""Битцевский парк"" и ""Лесопарковая"". С. Собянин, М. Хуснуллин";"";"МКАД|Марат Хуснуллин|метро|строительство метро|строительство|Бутовская линия|станции метро|метро «Лесопарковая» (Бутовская линия)|метро «Битцевский парк» (Бутовская линия)|Сергей Собянин"
"345";"Осмотр реконструкции Дмитровского шоссе и строящейся станции метро ""Фонвизинская"". М. Хуснуллин";"";"МКАД|дороги|собрание|Марат Хуснуллин|метро|развязки|транспортные развязки|вылетные магистрали|тоннели|Люблинско-Дмитровская линия|реконструкция|освещение работы Стройкомплекса|Дмитровское шоссе|метро «Фонвизинская» (Люблинско-Дмитровская линия)|аэрофотосъемка"
"346";"III Российский инвестиционно-строительный форум. М. Мень, М. Хуснуллин, В. Жидкин";"";"Марат Хуснуллин|Владимир Жидкин|форум|выставка"
"347";"Встреча с преподавателями и студентами МГСУ. М. Хуснуллин, А. Волков";"";"собрание|Марат Хуснуллин"
"348";"Открытие кризисного центра помощи женщинам. С. Собянин, М. Хуснуллин";"";"Марат Хуснуллин|Андрей Бочкарев|объекты медицины|Сергей Собянин"
"349";"Встреча с общественными советниками СЗАО. М. Хуснуллин, В. Говердовский";"";"жители|Марат Хуснуллин|Андрей Бочкарев|Сергей Лёвкин"
"350";"XXV международная выставка MIPIM. M. Хуснуллин, М. Мень, В. Ресин, К. Нигматулина";"";"Марат Хуснуллин"
"351";"Осмотр строящегося ФОКа и станции метро ""Технопарк"" (ЮАО). М. Хуснуллин, А. Челышев";"";"Марат Хуснуллин|метро|строительство метро|строительство|спортивные объекты|метро «Технопарк» (Замоскворецкая линия)"
"352";"Осмотр хода реконструкции БСА ""Лужники"". С. Собянин, М. Хуснуллин, А. Бочкарев";"";"Марат Хуснуллин|Андрей Бочкарев|строительство|реконструкция|Сергей Собянин|аэрофотосъемка"
"353";"""Благотворительная акция в память погибших строителей"". С. Лёвкин, А. Бочкарев, В. Лаптев";"";"Андрей Бочкарев|Сергей Лёвкин|храмы"
"354";"Выставка ""Лучший реализованный проект 2013 года"". О. Рындин, Б. Фролов";"";"строительство|выставка|Городские конкурсы"
"355";"Осмотр строящейся развязки на пересечении Варшавского шоссе и ул. Академика Янгеля. С. Собянин, М. Хуснуллин, П. Аксенов";"";"дороги|Марат Хуснуллин|строительство|развязки|транспортные развязки|вылетные магистрали|Варшавское шоссе|Сергей Собянин|аэрофотосъемка"
"356";"Осмотр строящегося БНК в Северном Медведково. С. Собянин, С. Лёвкин";"";"Сергей Лёвкин|школа|Сергей Собянин"
"357";"Осмотр строящейся станции метро ""Румянцево"". С. Собянин, М. Хуснуллин";"";"Москва|Марат Хуснуллин|метро|строительство метро|строительство|Сокольническая линия|станции метро|проходка тоннелей|Ленинский проспект|метро «Румянцево» (Сокольническая линия)|метро «Саларьево» (Сокольническая линия)|Сергей Собянин|аэрофотосъемка"
"358";"Всероссийский форум ""Долевое строительство: итоги и перспективы"". М. Хуснуллин, К. Тимофеев";"";"Марат Хуснуллин|Константин Тимофеев|жилье|форум"
"359";"Осмотр хода строительства эстакады на Можайском шоссе. С. Собянин, М. Хуснуллин, П. Аксенов";"";"Москва|Марат Хуснуллин|строительство|вылетные магистрали|Эстакады|Можайское шоссе|Сергей Собянин"
"360";"Объекты культурного наследия на территории ВВЦ. С. Капков, А. Кибовский";"";"Москва|реконструкция|выставка"
"361";"Подписание соглашения о сотрудничестве между Стройкомплексом Москвы и МИИТ. М. Хуснуллин, Б. Лёвин";"";"собрание|Марат Хуснуллин"
"362";"Осмотр строительства станции ""Петровский парк"" Третьего пересадочного контура метро. С. Собянин, А. Бочкарев";"";"Андрей Бочкарев|метро|строительство метро|строительство|Замоскворецкая линия|станции метро|метро «Петровский парк» (Третий пересадочный контур)|Третий пересадочный контур|Сергей Собянин"
"363";"Московские блогеры посетили строящуюся станцию метро ""Румянцево""";"";"метро|строительство метро|строительство|тоннелепроходческий щит|станции метро|метро «Румянцево» (Сокольническая линия)|аэрофотосъемка|ЮЗАО"
"364";"Осмотр строящейся транспортной развязки на пересечении МКАД с Волгоградским проспектом. П. Аксенов";"";"строительство|развязки|вылетные магистрали|реконструкция|Волгоградский проспект|аэрофотосъемка|Петр Аксенов|ЮВАО"
"365";"Осмотр хода строительства участка автодороги Москва - Санкт-Петербург от Бусиновской развязки до Фестивальной улицы и станции метро ""Селигерская"". М. Хуснуллин, префект Северного округа В. Базанчук, гендиректор ОАО ""Мостотрест"" В. Власов";"";"дороги|Марат Хуснуллин|Андрей Бочкарев|метро|строительство метро|строительство|развязки|вылетные магистрали|Люблинско-Дмитровская линия|станции метро|метро «Селигерская» (Люблинско-Дмитровская линия)|САО"
"366";"Строительство микрорайона Новые Ватутинки и нового корпуса спорткомплекса для Русской теннисной академии, открытие модульной поликлиники в пос. Первомайское (ТиНАО)";"";"Москва|Марат Хуснуллин|Владимир Жидкин|строительство|объекты медицины|объекты образования|Поликлиники|Сергей Собянин|ТиНАО"
"367";"Открытие выставочного павильона в Зарядье. С. Собянин, М. Хуснуллин, С. Кузнецов";"";"Марат Хуснуллин|Сергей Кузнецов|Зарядье|конкурсы|Городские конкурсы|Сергей Собянин|ЦАО|Объекты культуры"
"368";"Станция метро ""Бутырская"", строящаяся на глубине 60 метров. С. Собянин, А. Бочкарев";"";"Андрей Бочкарев|метро|строительство метро|тоннели|Люблинско-Дмитровская линия|станции метро|метро «Бутырская» (Люблинско-Дмитровская линия)|Сергей Собянин|САО"
"369";"Реконструкция Гребного канала в Крылатском, май 2014 г.";"";"строительство|спортивные объекты|реконструкция|ЗАО"
"370";"Осмотр реконструируемой территории бывшего завода ""ЗиЛ"". С. Собянин, М. Хуснуллин";"";"дороги|Марат Хуснуллин|Сергей Кузнецов|строительство|спортивные объекты|конкурсы|МКЖД|реконструкция|Сергей Собянин"
"371";"Пятый практический семинар ""Диалог с инвестором"". М. Хуснуллин, К. Тимофеев";"";"Марат Хуснуллин|Константин Тимофеев|форум"
"372";"Запуск двух тоннелепроходческих комплексов на станции ""Косино-Ухтомская"" Кожуховской линии метро. С. Собянин, М. Хуснуллин";"";"Марат Хуснуллин|Андрей Бочкарев|метро|ТПМК|тоннелепроходческий щит|метро «Косино-Ухтомская» (Кожуховская линия)|Сергей Собянин"
"373";"Осмотр строящихся объектов ТиНАО в ходе объезда. М. Хуснуллин, В. Жидкин";"";"собрание|Марат Хуснуллин|Владимир Жидкин|жилье|хорда|новая Москва|Московская агломерация|ТиНАО"
"374";"Открытие детского сада в Северном Измайлово. С. Собянин, М. Хуснуллин";"";"Марат Хуснуллин|Андрей Бочкарев|детские сады|объекты образования"
"375";"Осмотр строящейся станции метро и стадиона ""Спартак"" в ходе субботнего объезда СЗАО. М. Хуснуллин, В. Говердовский, Л. Федун";"";"Марат Хуснуллин|Андрей Бочкарев|строительство метро|строительство|спортивные объекты|станции метро|метро «Спартак» (Таганско-Краснопресненская линия)|СЗАО"
"376";"Открытие эстакады на пересечении Дмитровского шоссе и МКАД. С. Собянин, М. Хуснуллин, А. Бочкарев";"";"дороги|Марат Хуснуллин|Андрей Бочкарев|развязки|транспортные развязки|вылетные магистрали|реконструкция|Дмитровское шоссе|Сергей Собянин"
"377";"Финал конкурса ""Московские мастера - 2014"" по профессии ""Электросварщик ручной сварки"". С. Дегтярев";"";"Москва|конкурсы|объекты образования|освещение работы Стройкомплекса|Городские конкурсы"
"378";"Осмотр строящейся станции метро ""Рассказовка"" Калининско-Солнцевской линии. С. Собянин, М. Хуснуллин, А. Бочкарев";"";"Марат Хуснуллин|Андрей Бочкарев|строительство метро|Калининско-Солнцевская линия|станции метро|Сергей Собянин"
"379";"Осмотр территории завода ""Серп и Молот"" в ходе субботнего объезда. М. Хуснуллин";"";"Москва|Марат Хуснуллин|Андрей Бочкарев|Городские конкурсы|Промзоны|ЮВАО"
"380";"Финал конкурса ""Московские мастера - 2014"" по профессии ""Специалист по охране труда""";"";"Москва|дома|строительство|конкурсы|Городские конкурсы|ЮЗАО"
"381";"Пресс-конференция заместителя мэра Москвы по вопросам градостроительной политики и строительства Марата Хуснуллина, посвященная развитию ТиНАО";"";"Марат Хуснуллин|ТиНАО"
"382";"Открытие движения по реконструированной дороге от Киевского до Калужского шоссе (дер. Саларьево - дер. Мамыри). С. Собянин, М. Хуснуллин, В. Жидкин";"";"дороги|Марат Хуснуллин|Владимир Жидкин|реконструкция|Сергей Собянин|ТиНАО|НАО"
"383";"Осмотр строящегося жилого квартала на улице Базовская (САО). С. Собянин, М. Хуснуллин, А. Бочкарев, С. Кузнецов";"";"Марат Хуснуллин|Андрей Бочкарев|Сергей Кузнецов|жилье|Сергей Собянин|САО"
"384";"Реконструкция транспортной развязки на пересечении МКАД и Каширского шоссе. М. Хуснуллин";"";"дороги|Марат Хуснуллин|Андрей Бочкарев|развязки|транспортные развязки|вылетные магистрали|эстакады|реконструкция|Каширское шоссе|ЮАО"
"385";"Открытие движения по новой эстакаде Мичуринской развязки. С. Собянин, М. Хуснуллин";"";"дороги|Марат Хуснуллин|Андрей Бочкарев|развязки|вылетные магистрали|эстакады|реконструкция|Сергей Собянин|Петр Аксенов"
"386";"Княжевская Юлиана Владимировна";"Княжевская, архитектура, строительство";"строительство|Юлиана Княжевская"
"387";"Новая поликлиника на Волжском бульваре (ЮВАО). С. Собянин, М. Хуснуллин";"";"жители|Марат Хуснуллин|объекты медицины|Сергей Собянин|ЮВАО"
"388";"Реконструкция Пятницкой улицы. С. Собянин, П. Бирюков";"";"Москва|дороги|Марат Хуснуллин|реконструкция|Велодорожки|ЦАО"
"389";"Как создают крупнейший в мире архмакет Москвы. С. Лёвкин, О. Диденко";"";"Москва|дома|дороги"
"390";"Конференция по развитию Московского транспортного узла. М. Хуснуллин, К. Тимофеев";"";"Москва|Марат Хуснуллин|Константин Тимофеев"
"391";"Открытие движения по новой эстакаде на Дмитровском шоссе. С. Собянин, М. Хуснуллин, А. Бочкарев";"";"Марат Хуснуллин|Андрей Бочкарев|строительство|вылетные магистрали|эстакады|Дмитровское шоссе|Сергей Собянин"
"392";"Открытие движения по съезду и путепроводу на развязке МКАД и Можайского шоссе. С. Собянин, А. Бочкарев";"";"МКАД|дороги|Андрей Бочкарев|строительство|вылетные магистрали|Можайское шоссе|Сергей Собянин"
"393";"Открытие детского сада в районе Ховрино. С. Собянин, А. Бочкарев";"";"жители|Андрей Бочкарев|ДОУ|детские сады|строительство|Сергей Собянин|САО"
"394";"Реконструкция БСА ""Лужники"". С. Собянин, А. Бочкарев";"";"Андрей Бочкарев|спортивные объекты|реконструкция|Сергей Собянин"
"395";"Гребной канал после реконструкции. С. Собянин, М. Хуснуллин, А. Бочкарев";"";"Марат Хуснуллин|Андрей Бочкарев|спортивные объекты|реконструкция|Сергей Собянин|Гребной канал в Крылатском"
"396";"Реконструкция ВДНХ. С. Собянин, М. Хуснуллин, А. Кибовский";"";"жители|Марат Хуснуллин|реконструкция|выставка|Народные парки|Сергей Собянин|аэрофотосъемка|Объекты культуры"
"397";"Реконструкция транспортной развязки МКАД - Волгоградский проспект. М. Хуснуллин, А. Бочкарев";"";"Марат Хуснуллин|Андрей Бочкарев|развязки|транспортные развязки|вылетные магистрали|реконструкция|Волгоградский проспект|аэрофотосъемка"
"398";"Строительство стадиона и станции метро ""Спартак"". М. Хуснуллин";"";"Марат Хуснуллин|метро|строительство метро|строительство|спортивные объекты|станции метро|метро «Спартак» (Таганско-Краснопресненская линия)|аэрофотосъемка"
"399";"Реконструированная дорога между Киевским и Боровским шоссе (г. Московский - дер. Рассказовка). С. Собянин, М. Хуснуллин, В. Жидкин";"";"дороги|жители|Марат Хуснуллин|Владимир Жидкин|Сергей Собянин|аэрофотосъемка|ТиНАО"
"400";"Награждение победителей конкурса ""Лучший реализованный проект 2013 года в области инвестиций и строительства"". С. Лёвкин, Б. Фролов";"";"Сергей Лёвкин|конкурсы|Городские конкурсы|Награждения"
"401";"Открытие движения по Можайскому путепроводу. С. Собянин, М. Хуснуллин, А. Бочкарев";"";"дороги|Марат Хуснуллин|Андрей Бочкарев|вылетные магистрали|реконструкция|Можайское шоссе|Сергей Собянин|аэрофотосъемка"
"402";"Коллегия Стройкомплекса Москвы. С. Собянин, М. Хуснуллин, М. Мень";"";"собрание|Марат Хуснуллин|Андрей Бочкарев|Сергей Лёвкин|Сергей Кузнецов|Владимир Жидкин|коллегия Стройкомплекса|выставка|Городские конкурсы|Награждения|Сергей Собянин|Михаил Мень"
"403";"Концерт, посвященный Дню строителя, на ВДНХ. С. Собянин, М. Мень";"";"Сергей Собянин|аэрофотосъемка|Михаил Мень"
"404";"Спартакиада в честь Дня строителя в ""Лужниках"". В. Лаптев";"";"жители"
"405";"Специалистам Стройкомплекса вручены награды";"";"Марат Хуснуллин|Андрей Бочкарев|Сергей Лёвкин|Сергей Кузнецов|Награждения|Юлиана Княжевская"
"407";"Новая школа на Мичуринском проспекте. С. Собянин, М. Хуснуллин, К. Тимофеев";"";"Марат Хуснуллин|Андрей Бочкарев|Константин Тимофеев|школа|Сергей Собянин"
"408";"Строительство станции метро ""Раменки"". С. Собянин, М. Хуснуллин, А. Бочкарев";"";"Марат Хуснуллин|Андрей Бочкарев|строительство метро|строительство|станции метро|метро «Раменки»|Сергей Собянин|ЗАО"
"409";"""Бизнес-бранч для девелоперов"". М. Хуснуллин, В. Жидкин, С. Кузнецов";"";"дома|дороги|Марат Хуснуллин|Владимир Жидкин|ЦАО"
"410";"Строительство станции метро ""Шелепиха"" и реконструкция школы им. Гнесиных. М. Хуснуллин, А. Бочкарев, В. Фуер";"";"Москва|Марат Хуснуллин|Андрей Бочкарев|метро|Москва-Сити|МКЖД|Третий пересадочный контур|реконструкция|освещение работы Стройкомплекса|метро «Шелепиха» (Третий пересадочный контур)|аэрофотосъемка|ЦАО"
"411";"Открытие транспортной развязки на Варшавском шоссе. С. Собянин, М. Хуснуллин, А. Бочкарев";"";"дороги|Марат Хуснуллин|Андрей Бочкарев|строительство|развязки|вылетные магистрали|эстакады|Варшавское шоссе|Сергей Собянин|аэрофотосъемка|Петр Аксенов|ЮАО"
"412";"Новостройки на ул. Мневники для жителей сносимых пятиэтажек. С. Собянин, М. Хуснуллин, А. Бочкарев";"";"дома|жители|Марат Хуснуллин|Андрей Бочкарев|жилье|Снос некомфортного жилья|Сергей Собянин|СЗАО"
"413";"Депо метрополитена ""Печатники"". С. Собянин, Д. Пегов";"";"метро|электродепо|Сергей Собянин|аэрофотосъемка|ЮВАО"
"414";"Установка скульптуры гладиатора у стадиона ""Спартак""";"";"спортивные объекты|аэрофотосъемка|СЗАО"
"415";"Начало строительства ЦКАД в ""новой Москве"". С. Собянин, А. Воробьев, М. Соколов";"";"дороги|строительство|Сергей Собянин|аэрофотосъемка"
"416";"Запуск станции метро ""Спартак"" Таганско-Краснопресненской линии. С. Собянин, М. Хуснуллин";"";"Марат Хуснуллин|метро|строительство метро|Таганско-Краснопресненская линия|станции метро|метро «Спартак» (Таганско-Краснопресненская линия)|Сергей Собянин|аэрофотосъемка|СЗАО"
"417";"Открытие стадиона футбольного клуба ""Спартак"". В. Путин, С. Собянин, М. Хуснуллин";"";"Марат Хуснуллин|строительство|спортивные объекты|Владимир Путин|Сергей Собянин|аэрофотосъемка|СЗАО"
"418";"Реконструкция Мичуринской развязки и строительство станции метро ""Новопеределкино"". С. Собянин, М. Хуснуллин, А. Бочкарев";"";"дороги|Марат Хуснуллин|Андрей Бочкарев|метро|строительство метро|строительство|вылетные магистрали|станции метро|метро «Новопеределкино»|Сергей Собянин|Петр Аксенов"
"419";"Фотоконкурс ""Планета Москва""";"";\N
"420";"Открытие школы в поселении Десеновское ""новой Москвы"". С. Собянин, М. Хуснуллин";"";"жители|Марат Хуснуллин|школа|объекты образования|Сергей Собянин|аэрофотосъемка|ТиНАО|ТАО"
"421";"Открытие движения по реконструированной развязке на пересечении МКАД и Волгоградского проспекта. С. Собянин, М. Хуснуллин";"";"дороги|Марат Хуснуллин|Андрей Бочкарев|развязки|вылетные магистрали|реконструкция|Волгоградский проспект|Сергей Собянин|аэрофотосъемка|Петр Аксенов|ВАО"
"422";"Открытие агрокластера в ""новой Москве"". С. Собянин, М. Хуснуллин";"";"жители|Марат Хуснуллин|Сергей Собянин|аэрофотосъемка|ТиНАО|НАО"
"423";"Музыкальная школа имени Танеева после реставрации. С. Собянин, М. Хуснуллин";"";"Марат Хуснуллин|объекты образования|реконструкция|Сергей Собянин|ЦАО"
"424";"Открытие эстакады-въезда на Северо-Восточную хорду. С. Собянин, М. Хуснуллин";"";"дороги|Марат Хуснуллин|Андрей Бочкарев|развязки|хорда|Хорды|Северо-Восточная хорда|Сергей Собянин|аэрофотосъемка|ВАО"
"425";"Освящение закладного камня нового храма в Тушино. Патриарх Кирилл, С. Собянин, М. Хуснуллин";"";"жители|Марат Хуснуллин|храмы|Программа-200|Сергей Собянин|СЗАО"
"426";"Реконструкция развязки на пересечении Каширского шоссе и МКАД. С. Собянин, А. Бочкарев";"";"дороги|Андрей Бочкарев|развязки|вылетные магистрали|реконструкция|Каширское шоссе|Сергей Собянин|аэрофотосъемка|ЮАО"
"427";"Запуск новой битумной установки на МНПЗ. С. Собянин, А. Бочкарев, А. Дюков";"";"Андрей Бочкарев|промышленные объекты|инженерные сети и сооружения|Промзоны|Сергей Собянин|аэрофотосъемка|ЮВАО"
"428";"Строительство станции ""Ходынское поле"" Второго кольца метро. С. Собянин, М. Хуснуллин";"";"Марат Хуснуллин|метро|строительство метро|строительство|тоннели|Третий пересадочный контур|станции метро|проходка тоннелей|метро «Ходынское поле» (Третий пересадочный контур)|Сергей Собянин|САО"
"429";"Реконструкция Ленинградского путепровода над МК МЖД. П. Аксенов";"";"дороги|строительство|вылетные магистрали|МКЖД|реконструкция|Ленинградское шоссе|Петр Аксенов"
"430";"Пресс-конференция руководителя Департамента развития новых территорий Москвы Владимира Жидкина";"";"Владимир Жидкин"
"431";"Открытие эстакады, путепровода и дублера на Можайском шоссе. С. Собянин, М. Хуснуллин, П. Аксенов, В. Власов";"";"МКАД|Марат Хуснуллин|строительство|развязки|вылетные магистрали|эстакады|реконструкция|Можайское шоссе|Сергей Собянин|ЗАО"
"432";"Осмотр строительства парка ""Зарядье"" у стен Кремля. С. Собянин, М. Хуснуллин, С. Кузнецов";"";"Марат Хуснуллин|Сергей Кузнецов|Зарядье|Городские конкурсы|Сергей Собянин|ЦАО"
"433";"Строительство мкр. Зеленый бор в Зеленограде. С. Собянин, М. Хуснуллин, А. Смирнов";"";"жители|Марат Хуснуллин|ДОУ|детские сады|строительство|школа|объекты образования|Сергей Собянин|ЗелАО"
"434";"Открытие эстакады на Мичуринской развязке. С. Собянин, М. Хуснуллин, Ф. Хайдаров";"";"МКАД|дороги|Марат Хуснуллин|развязки|вылетные магистрали|реконструкция|Сергей Собянин|Петр Аксенов|ЗАО"
"435";"Закладка памятной капсулы на стадионе ""Динамо"". М. Хуснуллин, А. Костин, А. Перегудов";"";"Марат Хуснуллин|Андрей Бочкарев|спортивные объекты|реконструкция|САО"
"436";"Реконструкция шоссе Энтузиастов. М. Хуснуллин";"";"Марат Хуснуллин|развязки|вылетные магистрали|хорда|реконструкция|Эстакады|Шоссе Энтузиастов|ВАО"
"437";"Открытие движения по новой эстакаде на Дмитровском шоссе. С. Собянин, М. Хуснуллин, А. Бочкарев";"";"Москва|дороги|Марат Хуснуллин|Андрей Бочкарев|строительство|вылетные магистрали|эстакады|Дмитровское шоссе|Сергей Собянин|СВАО"
"438";"VIII Московский форум недвижимости. М. Хуснуллин,  К. Тимофеев";"";"Марат Хуснуллин|Константин Тимофеев|форум"
"439";"Строительство храма Преображения Господня. Патриарх Кирилл, С. Собянин, М. Хуснуллин";"";"Марат Хуснуллин|храмы|Сергей Собянин|Владимир Ресин"
"440";"Открытие детского сада в районе Москворечье-Сабурово. С. Собянин, М. Хуснуллин, А. Бочкарев";"";"Марат Хуснуллин|Андрей Бочкарев|ДОУ|детские сады|Сергей Собянин|ЮАО"
"441";"Новый МФК ""Водный"" на месте бывшей промзоны ""Братцево"". С. Собянин, М. Хуснуллин, К. Тимофеев";"";"Москва|жители|Марат Хуснуллин|Константин Тимофеев|строительство|офисные центры|Сергей Собянин|САО"
"442";"Строительство городка ОМОН в Строгино. С. Собянин, В. Колокольцев, А. Якунин, А. Бочкарев";"";"Андрей Бочкарев|строительство|Сергей Собянин|СЗАО"
"443";"Новая взрослая поликлиника в районе Левобережный. С. Собянин, А. Бочкарев";"";"Андрей Бочкарев|объекты медицины|Поликлиники|Сергей Собянин|САО"
"444";"Строительство электродепо ""Митино"". С. Собянин, М. Хуснуллин, А. Бочкарев, Д. Пегов";"";"Андрей Бочкарев|метро|строительство метро|электродепо|станции метро|Арбатско-Покровская линия|Сергей Собянин"
"445";"Строительство дорожных объектов на севере Москвы. М. Хуснуллин, А. Бочкарев";"";"дороги|Марат Хуснуллин|Андрей Бочкарев|эстакады|Ленинградское шоссе|Петр Аксенов|САО"
"446";"Посещение школы имени Гнесиных после реставрации. С. Собянин, М. Хуснуллин, А. Бочкарев, М. Хохлов";"";"Марат Хуснуллин|школа|объекты образования|реконструкция|Сергей Собянин|ЦАО|Объекты культуры"
"447";"Открытие нового корпуса Высшей школы экономики. С. Собянин, М. Хуснуллин";"";"Москва|Марат Хуснуллин|строительство|объекты образования|Сергей Собянин|СЗАО"
"448";"Строительство дороги от Бусиновской развязки до улицы Фестивальной. С. Собянин, М. Хуснуллин, А. Бочкарев";"";"Москва|Марат Хуснуллин|Андрей Бочкарев|строительство|развязки|вылетные магистрали|Ленинградское шоссе|Сергей Собянин|САО"
"449";"Подготовка к запуску станции метро ""Тропарево"" Сокольнической линии";"";"метро|строительство|Сокольническая линия|станции метро|освещение работы Стройкомплекса|метро «Тропарево» (Сокольническая линия)|ЮЗАО"
"450";"Открытие Бабушкинского районного суда. С. Собянин, М. Хуснуллин";"";"Москва|строительство|Сергей Собянин|СВАО"
"451";"Строительство хоккейного комплекса ""Арена Легенд"". М. Хуснуллин";"";"Марат Хуснуллин|строительство|спортивные объекты|Промзоны|ЮАО"
"452";"Посещение детского сада на улице Тухачевского. С. Собянин";"";"жители|детские сады|строительство|объекты образования|Сергей Собянин|СЗАО"
"453";"Осмотр строительства в ММДЦ ""Москва-Сити"". М. Хуснуллин";"";"Москва|Марат Хуснуллин|строительство|Москва-Сити|СЗАО"
"454";"Открытие станции метро ""Тропарево"" Сокольнической линии. С. Собянин, М. Хуснуллин, А. Бочкарев";"";"Марат Хуснуллин|Андрей Бочкарев|метро|строительство метро|строительство|станции метро|метро «Тропарево» (Сокольническая линия)|Сергей Собянин|ЮЗАО"
"455";"Ход реконструкции БСА ""Лужники"". А. Бочкарев";"";"Андрей Бочкарев|строительство|спортивные объекты|реконструкция|ЦАО"
"456";"IV Московский урбанистический форум. С. Собянин, М. Хуснуллин, С. Кузнецов";"";"Москва|собрание|Марат Хуснуллин|Сергей Лёвкин|Сергей Кузнецов|конкурсы|форум|Городские конкурсы|Урбанистический форум|Сергей Собянин|Михаил Мень"
"457";"Второй день работы IV Московского урбанистического форума. С. Собянин, М. Хуснуллин";"";"Москва|Марат Хуснуллин|форум|Урбанистический форум|Сергей Собянин"
"458";"Реконструкция Большой спортивной арены ""Лужники"". М. Хуснуллин, А. Бочкарев";"";"Москва|Марат Хуснуллин|Андрей Бочкарев|строительство|спортивные объекты|реконструкция|ЦАО"
"459";"Марат Хуснуллин наградил лучших молодых специалистов Стройкомплекса Москвы в области панельного и монолитного строительства";"";"собрание|Марат Хуснуллин|Городские конкурсы|Награждения"
"460";"Строительство станции метро ""Рассказовка""";"";"жители|метро|строительство метро|строительство|Калининско-Солнцевская линия|станции метро|ТиНАО"
"461";"Открытие участка скоростной трассы ""Москва - Санкт-Петербург"". С. Иванов, С. Собянин, М. Хуснуллин, А. Воробьев, М. Соколов";"";"Москва|дороги|Марат Хуснуллин|строительство|развязки|транспортные развязки|вылетные магистрали|Сергей Собянин|САО"
"462";"""Центральный детский магазин на Лубянке"" до и после реконструкции";"";\N
"463";"Уникальная интерактивная карта Москвы в ""Доме на Брестской"". М. Хуснуллин, С. Левкин, О. Диденко";"";"Москва|презентация|Марат Хуснуллин|Сергей Лёвкин|выставка"
"464";"Завершаются отделочные работы на станции метро ""Котельники"" Таганско-Краснопресненской линии";"";"Москва|метро|строительство метро|строительство|станции метро|метро «Котельники» (Таганско-Краснопресненская линия)|ЮВАО"
"465";"Открытие дошкольного отделения средней школы № 481";"";\N
"466";"Реконструкция Большой Академической улицы. П. Аксенов";"";"Москва|дороги|строительство|развязки|проходка тоннелей|реконструкция|инженерные сети и сооружения|Северо-Западная хорда|Петр Аксенов|САО"
"467";"Реконструкция театра «Геликон-опера»";"";"строительство|реконструкция|ЦАО|Объекты культуры"
"468";"Строительство станции метро «Петровско-Разумовская»";"";"Москва|метро|строительство метро|строительство|Люблинско-Дмитровская линия|станции метро|метро «Петровско-Разумовская» (Люблинско-Дмитровская линия)|САО"
"469";"Субботний объезд ТиНАО. М. Хуснуллин, А. Бочкарев";"";"Москва|МКАД|дороги|Марат Хуснуллин|Андрей Бочкарев|строительство метро|строительство|развязки|вылетные магистрали|эстакады|Сокольническая линия|станции метро|реконструкция|Ленинский проспект|метро «Румянцево» (Сокольническая линия)|ТиНАО|НАО"
"470";"Строительство станции метро ""Ломоносовский проспект"". С. Собянин, М. Хуснуллин, А. Бочкарев, Д. Пегов, А. Гончаров";"";"Москва|Марат Хуснуллин|Андрей Бочкарев|метро|строительство метро|строительство|Калининско-Солнцевская линия|станции метро|метро «Ломоносовский проспект»|Сергей Собянин|ЗАО"
"471";"Строительство станции метро ""Хорошевская""";"";"Москва|метро|строительство метро|строительство|тоннели|Третий пересадочный контур|станции метро|метро «Хорошевская» (Третий пересадочный контур)"
"472";"Детская музыкальная школа имени Калинникова. С. Собянин, М. Хуснуллин";"";"Марат Хуснуллин|Андрей Бочкарев|школа|объекты образования|Сергей Собянин|СВАО|Объекты культуры"
"473";"Строительство технопарка МФТИ. М. Хуснуллин";"";"Москва|Марат Хуснуллин|Андрей Бочкарев|строительство|объекты образования|СВАО"
"474";"Спортивный праздник «Лыжня строителей-2015»";"";\N
"475";"Реконструкция развязки на пересечении Ленинского проспекта и МКАД. С. Собянин, М. Хуснуллин, П. Аксенов";"";"МКАД|дороги|Марат Хуснуллин|строительство|развязки|транспортные развязки|вылетные магистрали|реконструкция|Ленинский проспект|Сергей Собянин|Петр Аксенов|ЮЗАО"
"476";"Строительство станции метро ""Ломоносовский проспект"". М. Хуснуллин";"";"Марат Хуснуллин|метро|строительство метро|строительство|Калининско-Солнцевская линия|станции метро|Калининская линия|метро «Ломоносовский проспект»|ЗАО"
"477";"Детский сад и школа в ""новой Москве""  С.Собянин, М.Хуснуллин";"";"жители|Марат Хуснуллин|ДОУ|детские сады|строительство|школа|объекты образования|новая Москва|Московская агломерация|Сергей Собянин|ТиНАО|НАО"
"478";"Строительство станции метро ""Саларьево"". С.Собянин, М.Хуснуллин, Д.Пегов, С.Жуков";"";"Москва|Марат Хуснуллин|строительство метро|строительство|Сокольническая линия|станции метро|новая Москва|Московская агломерация|метро «Саларьево» (Сокольническая линия)|Сергей Собянин|ТиНАО|НАО"
"479";"Реконструкция развязки на пересечении МКАД и Каширского шоссе. С. Собянин, А. Бочкарев";"";"МКАД|дороги|Андрей Бочкарев|строительство|развязки|вылетные магистрали|эстакады|реконструкция|Каширское шоссе|ЮАО"
"480";"Строительство эстакады возле ""Москва-Сити"". П.Аксенов";"";"дороги|строительство|Москва-Сити|развязки|эстакады|Петр Аксенов|ЗАО"
"481";"Строительство станции «Некрасовка» Кожуховской линии метро. М. Хуснуллин";"";"Марат Хуснуллин|метро|строительство метро|строительство|станции метро|метро «Некрасовка» (Кожуховская линия)|ВАО"
"482";"16-й международный фестиваль архитектуры и дизайна ""Под крышей дома"". С.Кузнецов";"";"Москва|Сергей Кузнецов|фестиваль|выставка|ЦАО|Объекты культуры"
"483";"XXXII выставка недвижимости в ЦДХ. М. Хуснуллин";"";"Москва|презентация|Марат Хуснуллин|жилье|выставка|ЦАО"
"484";"Открытие нового здания московской прокуратуры С. Собянин, М. Хуснуллин";"";"Марат Хуснуллин|Андрей Бочкарев|строительство|Сергей Собянин|ЮВАО"
"485";"Строительство хоккейного комплекса ""Арена Легенд"". С. Собянин, М. Хуснуллин";"";"Москва|Марат Хуснуллин|строительство|спортивные объекты|Сергей Собянин|ЮАО|""Арена легенд""/""Парк легенд"""
"486";"Строительство станции метро «Хорошевская». М. Хуснуллин, С. Кидяев.";"";"Москва|Марат Хуснуллин|метро|строительство метро|строительство|станции метро|метро «Хорошевская» (Третий пересадочный контур)|СЗАО"
"487";"Строительство электродепо ""Солнцево"". С.Собянин, М.Хуснуллин";"";"Москва|Марат Хуснуллин|метро|строительство метро|строительство|электродепо|Калининско-Солнцевская линия|Сергей Собянин|ЗАО"
"488";"Семинар для застройщиков по предоставлению отчетности в рамках 214-ФЗ";"";"Москва|комитет|строительство|освещение работы Стройкомплекса"
"489";"Строительство станции метро ""Хорошевская"" Третьего пересадочного контура. С.Собянин, М.Хуснуллин, С.Кидяев";"";"Москва|Марат Хуснуллин|метро|строительство метро|строительство|Таганско-Краснопресненская линия|Третий пересадочный контур|станции метро|метро «Хорошевская» (Третий пересадочный контур)|Сергей Собянин|СЗАО"
"490";"Открытие ""Центрального детского магазина на Лубянке"". С. Собянин, М. Хуснуллин, А. Костин, А. Кибовский";"";"Марат Хуснуллин|строительство|реконструкция|Сергей Собянин|«Центральный детский мир на Лубянке»"
"491";"Строительство эстакады на Волоколамском шоссе. С. Собянин, М. Хуснуллин";"";"Москва|дороги|Марат Хуснуллин|строительство|вылетные магистрали|эстакады|реконструкция|Сергей Собянин|Петр Аксенов|СЗАО"
"492";"Строительство станции ""Ходынское поле"". М. Хуснуллин";"";"Москва|Марат Хуснуллин|метро|строительство метро|строительство|Третий пересадочный контур|станции метро|метро «Ходынское поле» (Третий пересадочный контур)|СЗАО"
"493";"Реконструкция Волоколамского путепровода. П. Аксенов";"";"Москва|дороги|строительство|вылетные магистрали|реконструкция|инженерные сети и сооружения|Петр Аксенов"
"494";"Комплексная реконструкция Обручевского района. С. Собянин. М. Хуснуллин, С. Левкин";"";"Москва|дома|жители|Марат Хуснуллин|Сергей Лёвкин|строительство|жилье|Сергей Собянин|ЮЗАО"
"495";"Открытие первой очереди театра ""Геликон-опера"". С. Собянин, М. Хуснуллин, Д. Бертман";"";"Москва|Марат Хуснуллин|строительство|реконструкция|Сергей Собянин|ЦАО|Объекты культуры"
"496";"Строительство ТПУ и эстакады рядом с  «Москва-Сити». С. Собянин, М. Хуснуллин";"";"Москва|дороги|Марат Хуснуллин|Андрей Бочкарев|строительство|Москва-Сити|МКЖД|железная дорога|Сергей Собянин|ЗАО"
"497";"Субботний объезд ЮЗАО, Зюзино. М. Хуснуллин, А. Бочкарев";"";"Москва|дороги|Марат Хуснуллин|Андрей Бочкарев|метро|ЮЗАО"
"498";"Строительство стадиона ЦСКА . С. Собянин, М. Хуснуллин";"";"Москва|Марат Хуснуллин|строительство|спортивные объекты|Сергей Собянин|СЗАО"
"499";"Строительство путепровода на Рябиновой улице. П. Аксенов";"";"Москва|дороги|строительство|развязки|эстакады|МКЖД|Петр Аксенов|ЗАО"
"500";"Снос пятиэтажки на Ельнинской улице, д.14, корп.3 (Кунцево). А.Валуй";"";"Москва|дома|жилье|Снос некомфортного жилья|ЗАО"
"501";"Пресс-конференция по итогам I квартала 2015 года. М. Хуснуллин";"";"Москва|Марат Хуснуллин|освещение работы Стройкомплекса"
"502";"Открытие тоннеля на пересечении МКАД с Дмитровским шоссе. С.Собянин, М.Хуснуллин, А.Бочкарев";"";"Москва|МКАД|дороги|Марат Хуснуллин|Андрей Бочкарев|развязки|вылетные магистрали|тоннели|реконструкция|Дмитровское шоссе|Сергей Собянин|САО"
"503";"Встреча с ветеранами строительной отрасли. М. Хуснуллин";"";"Москва|Марат Хуснуллин|Ветераны|ЦАО"
"504";"Cтроительство станции метро ""Саларьево"". М. Хусунуллин, А. Бочкарев";"";"Москва|Марат Хуснуллин|Андрей Бочкарев|метро|строительство метро|строительство|Сокольническая линия|станции метро|метро «Саларьево» (Сокольническая линия)|ТиНАО|НАО"
"505";"Стройкомплекс Москвы на первомайской демонстрации. М. Хуснуллин, С. Левкин, А. Бочкарев";"";\N
"506";"Строительство станции ""Мичуринский проспект"" М. Хуснуллин, А. Бочкарев";"";\N
